INVOICE,BILL-682581,1790507408,5.605e+06,Completed
PRODUCT,P-366431,Dau an Vinamilk hop 200g,5,0,410000,2000
PRODUCT,P-568436,Nuoc tuong Knorr goi 85g,3,0,339000,2000
PRODUCT,P-927043,Banh quy Oishi tiet kiem,5,1,101000,1000
PRODUCT,P-469438,Gia vi Simply it duong,4,0,172000,0
PRODUCT,P-782141,Dau an Vinamilk it duong,2,0,49000,2000
PRODUCT,P-593446,Khan giay Kinh Do truyen thong,3,0,424000,0

INVOICE,BILL-335817,1790352211,1.82e+06,Completed
PRODUCT,P-608307,Nuoc xa Clear hop 200g,3,0,206000,2000
PRODUCT,P-690996,Nuoc giat Coca Cola huong vi tu nhien,2,0,53000,0
PRODUCT,P-464750,Nuoc tuong Maggi cao cap,3,0,108000,2000
PRODUCT,P-797229,Dau an OMO chai 500ml,4,0,198000,2000

INVOICE,BILL-734716,1790847135,4.943e+06,Completed
PRODUCT,P-466813,Tuong ot Sunsilk can 2L,5,0,383000,0
PRODUCT,P-221620,Gia vi Lay's cao cap,2,0,391000,0
PRODUCT,P-798435,Gia vi Knorr truyen thong,3,0,308000,0
PRODUCT,P-835716,Khan giay Hao Hao chai 1L,2,0,165000,2000
PRODUCT,P-986278,Ca phe Lifebuoy chai 500ml,3,0,332000,0

INVOICE,BILL-107146,1790428014,1.06e+06,Completed
PRODUCT,P-564276,Nuoc ngot Kinh Do goi 85g,4,0,270000,5000

INVOICE,BILL-738743,1790598027,2.74e+06,Completed
PRODUCT,P-825318,Dau goi Comfort goi 85g,4,0,120000,0
PRODUCT,P-378428,Nuoc tuong Oishi khong duong,2,0,463000,1000
PRODUCT,P-831063,Sua tam Vinamilk chai 500ml,1,0,189000,0
PRODUCT,P-488196,Sua tam Red Bull truyen thong,1,0,93000,2000
PRODUCT,P-854024,Dau an Nescafe huong vi tu nhien,2,0,106000,0
PRODUCT,P-348728,Dau goi OMO truyen thong,2,0,422000,0

INVOICE,BILL-265088,1790794747,3.986e+06,Completed
PRODUCT,P-970699,Khan giay Sunsilk dam da,1,0,468000,2000
PRODUCT,P-267914,Dau goi Chin-su hop 200g,5,0,233000,1000
PRODUCT,P-917629,Nuoc tuong Simply chai 500ml,3,0,30000,5000
PRODUCT,P-337547,Nuoc giat Lavie chai 500ml,5,0,458000,1000

INVOICE,BILL-998939,1790907485,3.236e+06,Completed
PRODUCT,P-771088,Nuoc tuong G7 tiet kiem,2,0,64000,5000
PRODUCT,P-883826,Tuong ot OMO khong duong,5,0,33000,0
PRODUCT,P-543555,Nuoc ngot Colgate dam da,4,1,236000,0
PRODUCT,P-895242,Banh quy Lifebuoy dam da,4,0,167000,0
PRODUCT,P-182804,Nuoc xa Pepsi huong vi tu nhien,5,0,130000,1000
PRODUCT,P-739979,Nuoc giat Hao Hao chai 500ml,4,0,174000,0

INVOICE,BILL-186495,1790422264,3.944e+06,Completed
PRODUCT,P-245095,Hat nem Oishi tiet kiem,3,0,55000,0
PRODUCT,P-688534,Khan giay Colgate huong vi tu nhien,4,0,356000,5000
PRODUCT,P-656127,Tuong ot Closeup cao cap,5,0,477000,2000

INVOICE,BILL-478311,1790378161,3.093e+06,Completed
PRODUCT,P-837290,Dau goi Nam Ngu hop 200g,2,0,63000,5000
PRODUCT,P-185884,Nuoc tuong Comfort cao cap,2,0,332000,1000
PRODUCT,P-876636,Nuoc tuong Tuong An cao cap,3,0,474000,5000
PRODUCT,P-244192,Dau goi Tuong An dam da,3,0,227000,1000
PRODUCT,P-330533,Mi goi Comfort can 2L,2,0,115000,0

INVOICE,BILL-499396,1790203122,4.24e+06,Completed
PRODUCT,P-956949,Ca phe Barona chai 500ml,2,0,267000,0
PRODUCT,P-301255,Nuoc lau san Sunsilk tiet kiem,5,0,308000,0
PRODUCT,P-966286,Nuoc xa Comfort dam da,4,0,499000,1000
PRODUCT,P-357420,Nuoc ngot Sunlight truyen thong,2,0,87000,0

INVOICE,BILL-740627,1790257365,1.27e+06,Completed
PRODUCT,P-695225,Sua tam Hao Hao dam da,1,0,99000,2000
PRODUCT,P-916449,Nuoc tuong Maggi it duong,3,0,198000,2000
PRODUCT,P-906731,Tuong ot Tuong An huong vi tu nhien,5,0,117000,0

INVOICE,BILL-621030,1790214689,1.374e+06,Completed
PRODUCT,P-559450,Banh quy Maggi cao cap,3,0,344000,0
PRODUCT,P-787326,Snack Lavie huong vi tu nhien,3,0,114000,0

INVOICE,BILL-524129,1790893537,1.333e+06,Completed
PRODUCT,P-934883,Kem danh rang Vinamilk hop 200g,4,0,94000,0
PRODUCT,P-580718,Mi goi Simply dam da,2,0,393000,1000
PRODUCT,P-584498,Nuoc giat Aquafina huong vi tu nhien,1,0,175000,2000

INVOICE,BILL-923023,1790244365,1.19e+06,Completed
PRODUCT,P-583214,Nuoc mam OMO loc 4 hop,1,0,317000,0
PRODUCT,P-254887,Sua tam Pepsi chai 1L,1,0,274000,0
PRODUCT,P-802448,Tuong ot Vinamilk hop 200g,5,0,76000,1000
PRODUCT,P-811351,Nuoc xa Simply it duong,2,0,112000,0

INVOICE,BILL-903863,1790270269,3.217e+06,Completed
PRODUCT,P-530728,Khan giay Barona truyen thong,5,0,391000,2000
PRODUCT,P-221552,Nuoc mam Sunsilk loc 4 hop,3,0,429000,5000

INVOICE,BILL-835891,1790372925,4.708e+06,Completed
PRODUCT,P-768545,Mi goi Red Bull huong vi tu nhien,1,0,254000,0
PRODUCT,P-656011,Nuoc lau san Closeup tiet kiem,2,0,39000,0
PRODUCT,P-326665,Mi goi Red Bull chai 1L,4,0,276000,0
PRODUCT,P-955662,Nuoc tuong Omachi dam da,2,0,471000,2000
PRODUCT,P-133653,Nuoc ngot TH True Milk hop 200g,3,0,346000,0
PRODUCT,P-710224,Mi goi OMO goi 85g,3,0,432000,0

INVOICE,BILL-243270,1790623602,1.965e+06,Completed
PRODUCT,P-297062,Ca phe Sting chai 1L,2,0,146000,0
PRODUCT,P-819335,Gia vi Knorr khong duong,2,0,302000,1000
PRODUCT,P-280908,Ca phe Nam Ngu huong vi tu nhien,3,0,299000,0
PRODUCT,P-287330,Nuoc giat Colgate hop 200g,3,0,58000,0

INVOICE,BILL-983718,1790810525,3.989e+06,Completed
PRODUCT,P-131734,Gia vi Maggi chai 500ml,2,0,383000,0
PRODUCT,P-391740,Snack Omachi truyen thong,5,0,500000,0
PRODUCT,P-477400,Dau goi Red Bull chai 1L,1,0,357000,0
PRODUCT,P-585331,Nuoc suoi Chin-su it duong,1,0,322000,0
PRODUCT,P-857111,Ca phe Nescafe can 2L,2,0,24000,2000

INVOICE,BILL-953807,1790916173,90000,Completed
PRODUCT,P-160738,Kem danh rang Lavie cao cap,5,0,18000,0

INVOICE,BILL-927349,1790360574,1.23e+06,Completed
PRODUCT,P-877747,Mi goi Lavie chai 1L,3,0,412000,2000

INVOICE,BILL-651765,1790293534,378000,Completed
PRODUCT,P-550137,Snack Sunsilk goi 85g,1,0,379000,1000

INVOICE,BILL-469545,1790960664,1.445e+06,Completed
PRODUCT,P-119627,Ca phe Sting dam da,5,0,291000,2000

INVOICE,BILL-216760,1790924161,1.968e+06,Completed
PRODUCT,P-147504,Nuoc giat Clear goi 85g,5,0,314000,2000
PRODUCT,P-286450,Nuoc ngot Barona truyen thong,4,0,103000,1000

INVOICE,BILL-148558,1790883692,2.47e+06,Completed
PRODUCT,P-822040,Banh quy Chin-su cao cap,2,0,163000,2000
PRODUCT,P-608257,Banh quy TH True Milk khong duong,4,0,169000,2000
PRODUCT,P-572161,Ca phe Comfort hop 200g,5,0,298000,2000

INVOICE,BILL-776232,1790343997,4.48e+06,Completed
PRODUCT,P-421549,Dau goi Lay's cao cap,5,0,465000,1000
PRODUCT,P-725969,Dau goi Lifebuoy goi 85g,5,0,330000,1000
PRODUCT,P-267520,Nuoc lau san Barona huong vi tu nhien,1,0,313000,0
PRODUCT,P-329437,Dau an Maggi can 2L,2,0,106000,5000

INVOICE,BILL-713252,1790493941,1.264e+06,Completed
PRODUCT,P-188425,Sua tuoi OMO tiet kiem,2,0,500000,0
PRODUCT,P-404466,Sua tam Nescafe goi 85g,3,0,55000,1000
PRODUCT,P-362230,Nuoc lau san Closeup goi 85g,3,0,35000,1000

INVOICE,BILL-976029,1790336468,5.273e+06,Completed
PRODUCT,P-958136,Nuoc xa Tuong An huong vi tu nhien,4,0,421000,2000
PRODUCT,P-589554,Gia vi Lifebuoy chai 500ml,3,0,445000,0
PRODUCT,P-176115,Gia vi Simply huong vi tu nhien,1,0,488000,0
PRODUCT,P-344762,Snack Oishi truyen thong,2,0,45000,0
PRODUCT,P-287110,Nuoc ngot Colgate hop 200g,2,0,330000,1000
PRODUCT,P-213000,Nuoc suoi Knorr loc 4 hop,3,0,342000,0

INVOICE,BILL-966852,1790772562,2.654e+06,Completed
PRODUCT,P-791798,Nuoc tuong Simply huong vi tu nhien,2,0,330000,2000
PRODUCT,P-429780,Snack Vinamilk can 2L,3,0,123000,5000
PRODUCT,P-186345,Mi goi Sunsilk chai 500ml,3,0,332000,0
PRODUCT,P-667776,Dau goi TH True Milk dam da,3,0,216000,0

INVOICE,BILL-707873,1790611561,5.245e+06,Completed
PRODUCT,P-749342,Nuoc lau san Red Bull khong duong,5,0,464000,1000
PRODUCT,P-706403,Nuoc lau san Barona hop 200g,2,1,159000,2000
PRODUCT,P-216242,Nuoc giat Knorr huong vi tu nhien,4,0,65000,0
PRODUCT,P-691119,Banh quy Maggi goi 85g,2,0,362000,0
PRODUCT,P-106687,Nuoc mam Chin-su khong duong,3,0,487000,5000
PRODUCT,P-440536,Dau an Barona chai 500ml,1,0,186000,0

INVOICE,BILL-621046,1790759381,2.335e+06,Completed
PRODUCT,P-239816,Gia vi Simply truyen thong,3,0,185000,0
PRODUCT,P-593446,Khan giay Kinh Do truyen thong,4,0,424000,2000
PRODUCT,P-450533,Nuoc giat Omachi it duong,4,0,23000,0

INVOICE,BILL-917078,1790288332,640000,Completed
PRODUCT,P-855731,Nuoc tuong OMO chai 1L,2,0,72000,0
PRODUCT,P-103883,Kem danh rang Chin-su huong vi tu nhien,2,0,248000,0

INVOICE,BILL-713549,1790636488,966000,Completed
PRODUCT,P-571778,Hat nem Maggi chai 500ml,3,0,322000,0

INVOICE,BILL-865054,1790568520,2.846e+06,Completed
PRODUCT,P-975271,Nuoc mam Clear chai 500ml,4,0,491000,5000
PRODUCT,P-245117,Sua tam Vinamilk loc 4 hop,1,0,485000,5000
PRODUCT,P-884782,Nuoc suoi OMO can 2L,1,0,26000,2000
PRODUCT,P-331768,Nuoc giat Colgate goi 85g,1,0,398000,0

INVOICE,BILL-741277,1790254711,1.912e+06,Completed
PRODUCT,P-642121,Nuoc giat Maggi truyen thong,2,0,295000,2000
PRODUCT,P-861949,Tuong ot Red Bull truyen thong,1,0,22000,0
PRODUCT,P-395818,Dau an Sting dam da,4,0,327000,1000

INVOICE,BILL-756267,1790459810,2.178e+06,Completed
PRODUCT,P-889410,Dau an Lay's truyen thong,4,0,104000,5000
PRODUCT,P-694223,Khan giay Clear huong vi tu nhien,5,0,51000,5000
PRODUCT,P-439403,Sua tam Comfort hop 200g,2,0,332000,0
PRODUCT,P-203550,Kem danh rang Red Bull dam da,3,0,298000,2000

INVOICE,BILL-299963,1790230124,3.316e+06,Completed
PRODUCT,P-380028,Mi goi Sunsilk chai 1L,4,0,329000,2000
PRODUCT,P-503097,Dau an Clear dam da,3,0,270000,0
PRODUCT,P-151470,Khan giay Barona chai 1L,5,0,56000,0
PRODUCT,P-929151,Nuoc suoi Vinamilk cao cap,2,0,461000,2000

INVOICE,BILL-978693,1790279864,1.491e+06,Completed
PRODUCT,P-127645,Hat nem Sunsilk loc 4 hop,5,0,153000,5000
PRODUCT,P-959972,Ca phe Comfort goi 85g,3,0,44000,5000
PRODUCT,P-233391,Hat nem Sunlight cao cap,2,0,317000,0

INVOICE,BILL-604185,1790168419,320000,Completed
PRODUCT,P-819380,Sua tam Closeup can 2L,4,0,64000,0
PRODUCT,P-449247,Dau goi Vinamilk hop 200g,4,0,16000,0

INVOICE,BILL-553139,1790591247,3.101e+06,Completed
PRODUCT,P-356736,Nuoc tuong Sunlight chai 1L,3,0,407000,0
PRODUCT,P-712056,Nuoc ngot Lavie cao cap,4,0,232000,0
PRODUCT,P-261760,Kem danh rang Omachi huong vi tu nhien,3,0,13000,1000
PRODUCT,P-978157,Nuoc ngot Lavie cao cap,1,0,9000,1000
PRODUCT,P-202759,Kem danh rang Vinamilk chai 1L,4,0,8000,1000
PRODUCT,P-838797,Tuong ot Nescafe can 2L,2,0,442000,2000

INVOICE,BILL-634675,1790467816,3.089e+06,Completed
PRODUCT,P-656932,Nuoc xa Lay's it duong,3,0,219000,0
PRODUCT,P-855053,Sua tam Sunsilk cao cap,3,0,71000,5000
PRODUCT,P-380150,Mi goi Coca Cola it duong,3,0,498000,0
PRODUCT,P-858724,Nuoc ngot OMO huong vi tu nhien,4,0,186000,1000

INVOICE,BILL-157580,1790767151,950000,Completed
PRODUCT,P-135138,Nuoc lau san Clear khong duong,4,0,179000,0
PRODUCT,P-134985,Dau goi Coca Cola huong vi tu nhien,1,0,210000,0
PRODUCT,P-149405,Nuoc lau san G7 huong vi tu nhien,1,0,24000,0

INVOICE,BILL-665328,1790668901,387000,Completed
PRODUCT,P-289630,Ca phe Red Bull huong vi tu nhien,3,0,130000,1000

INVOICE,BILL-184150,1790545082,3.387e+06,Completed
PRODUCT,P-935457,Nuoc ngot Clear tiet kiem,5,0,36000,0
PRODUCT,P-322409,Nuoc ngot Omachi huong vi tu nhien,3,1,419000,0
PRODUCT,P-993522,Nuoc lau san Simply khong duong,5,0,58000,1000
PRODUCT,P-388519,Dau goi Sunlight truyen thong,2,0,451000,5000
PRODUCT,P-695361,Sua tuoi Knorr loc 4 hop,2,0,215000,5000
PRODUCT,P-207175,Nuoc giat Pepsi chai 1L,1,0,358000,5000

INVOICE,BILL-818577,1790463712,2.27e+06,Completed
PRODUCT,P-279517,Hat nem G7 can 2L,4,0,411000,1000
PRODUCT,P-772561,Hat nem Sting it duong,5,0,128000,2000

INVOICE,BILL-518535,1790349060,568000,Completed
PRODUCT,P-452207,Nuoc mam Tuong An dam da,1,0,353000,5000
PRODUCT,P-427305,Sua tuoi Clear huong vi tu nhien,3,0,35000,0
PRODUCT,P-675191,Nuoc ngot Omachi chai 500ml,1,0,115000,0

INVOICE,BILL-691970,1790903680,4.674e+06,Completed
PRODUCT,P-515287,Nuoc lau san Simply tiet kiem,1,0,396000,2000
PRODUCT,P-563187,Hat nem Tuong An tiet kiem,4,0,482000,0
PRODUCT,P-886626,Nuoc giat Clear cao cap,3,0,439000,0
PRODUCT,P-895242,Banh quy Lifebuoy dam da,1,0,167000,0
PRODUCT,P-436768,Nuoc suoi Oishi truyen thong,4,0,217000,0

INVOICE,BILL-320333,1790309519,2.495e+06,Completed
PRODUCT,P-376142,Nuoc suoi Maggi it duong,3,0,196000,1000
PRODUCT,P-962074,Nuoc xa Lifebuoy loc 4 hop,5,0,65000,2000
PRODUCT,P-173372,Hat nem Red Bull can 2L,5,0,321000,2000

INVOICE,BILL-304966,1790880086,2.377e+06,Completed
PRODUCT,P-776364,Nuoc ngot Sunsilk truyen thong,3,0,23000,2000
PRODUCT,P-714590,Nuoc giat OMO cao cap,5,0,43000,0
PRODUCT,P-929912,Khan giay Nescafe huong vi tu nhien,5,0,84000,0
PRODUCT,P-408467,Nuoc mam Sunsilk tiet kiem,1,0,224000,0
PRODUCT,P-193826,Sua tam G7 cao cap,5,0,48000,2000
PRODUCT,P-175902,Sua tam Lifebuoy goi 85g,5,0,245000,0

INVOICE,BILL-546318,1790671585,2.525e+06,Completed
PRODUCT,P-475190,Nuoc ngot Chin-su chai 1L,5,0,457000,2000
PRODUCT,P-908812,Kem danh rang Sunlight can 2L,5,0,51000,1000

INVOICE,BILL-158850,1790881635,2.611e+06,Completed
PRODUCT,P-316612,Nuoc giat TH True Milk chai 1L,2,0,8000,5000
PRODUCT,P-886730,Nuoc mam Tuong An khong duong,2,0,340000,0
PRODUCT,P-901677,Sua tuoi Hao Hao huong vi tu nhien,5,0,290000,2000
PRODUCT,P-769320,Dau an Comfort cao cap,1,0,3000,2000
PRODUCT,P-955653,Nuoc suoi Lavie goi 85g,4,0,122000,1000

INVOICE,BILL-729187,1790776897,5.718e+06,Completed
PRODUCT,P-393308,Ca phe Lay's dam da,4,0,498000,5000
PRODUCT,P-343420,Hat nem Simply goi 85g,5,0,199000,1000
PRODUCT,P-625465,Banh quy Hao Hao huong vi tu nhien,5,0,246000,5000
PRODUCT,P-119627,Ca phe Sting dam da,3,0,291000,1000
PRODUCT,P-229221,Dau an Coca Cola khong duong,3,0,227000,0

INVOICE,BILL-541028,1790234559,1.134e+06,Completed
PRODUCT,P-436653,Nuoc tuong Sting dam da,4,0,77000,2000
PRODUCT,P-165602,Nuoc suoi Sting tiet kiem,1,0,147000,1000
PRODUCT,P-682144,Nuoc giat Hao Hao chai 1L,2,0,67000,0
PRODUCT,P-262520,Tuong ot Sunsilk loc 4 hop,2,0,279000,2000

INVOICE,BILL-661304,1790723909,2.383e+06,Completed
PRODUCT,P-903506,Nuoc ngot Hao Hao cao cap,1,0,395000,0
PRODUCT,P-487896,Tuong ot Sunlight truyen thong,5,0,197000,2000
PRODUCT,P-346729,Dau an Maggi loc 4 hop,5,0,123000,5000
PRODUCT,P-612997,Khan giay Red Bull dam da,3,0,141000,0

INVOICE,BILL-635132,1791022532,960000,Completed
PRODUCT,P-920685,Gia vi Lavie khong duong,2,0,482000,2000

INVOICE,BILL-358881,1790826238,2.835e+06,Completed
PRODUCT,P-104666,Tuong ot Hao Hao chai 1L,5,0,16000,2000
PRODUCT,P-933592,Nuoc lau san Lavie dam da,5,0,494000,0
PRODUCT,P-576086,Dau goi Clear loc 4 hop,1,0,296000,1000

INVOICE,BILL-176883,1790880910,935000,Completed
PRODUCT,P-309902,Dau an Aquafina tiet kiem,3,0,33000,0
PRODUCT,P-182216,Khan giay Closeup hop 200g,2,0,419000,1000

INVOICE,BILL-658743,1790711262,6.265e+06,Completed
PRODUCT,P-910065,Dau an Colgate dam da,4,0,128000,5000
PRODUCT,P-535820,Mi goi Closeup goi 85g,5,0,355000,0
PRODUCT,P-408721,Mi goi Nam Ngu khong duong,3,0,342000,0
PRODUCT,P-409727,Nuoc ngot Kinh Do tiet kiem,5,0,409000,5000
PRODUCT,P-385577,Nuoc ngot Clear loc 4 hop,4,0,239000,1000

INVOICE,BILL-599317,1790733825,3.122e+06,Completed
PRODUCT,P-139211,Ca phe Pepsi chai 1L,5,0,463000,0
PRODUCT,P-672536,Nuoc suoi Sunlight goi 85g,1,0,391000,1000
PRODUCT,P-101773,Gia vi Sunlight dam da,3,0,139000,0

INVOICE,BILL-623257,1790604921,2.828e+06,Completed
PRODUCT,P-886325,Nuoc lau san Aquafina dam da,3,0,110000,5000
PRODUCT,P-248989,Dau goi TH True Milk chai 500ml,2,0,153000,5000
PRODUCT,P-117094,Hat nem Nam Ngu dam da,4,0,93000,0
PRODUCT,P-934904,Khan giay Closeup tiet kiem,5,0,291000,1000
PRODUCT,P-609232,Snack Aquafina loc 4 hop,5,0,84000,5000

INVOICE,BILL-500973,1790899064,3.156e+06,Completed
PRODUCT,P-961866,Hat nem Red Bull loc 4 hop,5,0,177000,0
PRODUCT,P-908977,Nuoc xa Barona cao cap,1,0,457000,2000
PRODUCT,P-191884,Snack Clear goi 85g,3,0,431000,1000
PRODUCT,P-868020,Sua tam Sunlight goi 85g,2,0,263000,0

INVOICE,BILL-784644,1790177624,3.065e+06,Completed
PRODUCT,P-317782,Mi goi Hao Hao cao cap,1,0,263000,0
PRODUCT,P-406278,Nuoc lau san Closeup truyen thong,5,1,453000,0
PRODUCT,P-677438,Dau an Comfort chai 500ml,3,0,181000,2000

INVOICE,BILL-506719,1790918730,543000,Completed
PRODUCT,P-921967,Dau an Maggi dam da,5,0,63000,0
PRODUCT,P-865990,Sua tam Coca Cola chai 500ml,3,0,78000,2000

INVOICE,BILL-328456,1790407346,4.71e+06,Completed
PRODUCT,P-316823,Nuoc mam Hao Hao cao cap,3,0,440000,5000
PRODUCT,P-321275,Nuoc lau san Sunsilk chai 1L,4,0,441000,1000
PRODUCT,P-992647,Mi goi Omachi cao cap,4,0,366000,5000
PRODUCT,P-584935,Nuoc suoi Clear chai 500ml,3,0,67000,0

INVOICE,BILL-190367,1790333927,3.275e+06,Completed
PRODUCT,P-672133,Nuoc tuong Sting loc 4 hop,4,0,479000,2000
PRODUCT,P-178629,Gia vi Knorr it duong,1,0,171000,0
PRODUCT,P-659951,Sua tuoi Comfort hop 200g,4,0,102000,5000
PRODUCT,P-718226,Mi goi Nescafe loc 4 hop,4,0,207000,5000

INVOICE,BILL-594266,1790344329,1.672e+06,Completed
PRODUCT,P-959340,Sua tuoi Maggi hop 200g,3,0,157000,0
PRODUCT,P-324993,Sua tuoi Omachi hop 200g,3,0,302000,5000
PRODUCT,P-535352,Tuong ot Oishi tiet kiem,2,0,155000,0

INVOICE,BILL-382640,1790395318,4.435e+06,Completed
PRODUCT,P-312559,Banh quy Sunlight loc 4 hop,1,0,125000,0
PRODUCT,P-162165,Nuoc ngot Sting tiet kiem,5,0,487000,5000
PRODUCT,P-543555,Nuoc ngot Colgate dam da,1,0,236000,0
PRODUCT,P-872519,Nuoc xa G7 tiet kiem,1,0,263000,0
PRODUCT,P-524068,Sua tam Comfort can 2L,3,0,469000,2000

INVOICE,BILL-425709,1790372937,2.563e+06,Completed
PRODUCT,P-531262,Mi goi Pepsi chai 1L,4,0,338000,1000
PRODUCT,P-922412,Tuong ot Lavie chai 1L,2,0,245000,0
PRODUCT,P-590094,Nuoc lau san Red Bull goi 85g,3,1,56000,1000
PRODUCT,P-888939,Nuoc giat Simply khong duong,2,0,122000,0
PRODUCT,P-163386,Kem danh rang OMO chai 500ml,4,1,79000,0

INVOICE,BILL-689927,1790311685,4.065e+06,Completed
PRODUCT,P-401036,Nuoc ngot Omachi can 2L,4,0,180000,0
PRODUCT,P-761685,Ca phe Red Bull cao cap,4,0,133000,1000
PRODUCT,P-319869,Nuoc lau san Hao Hao chai 1L,5,0,75000,0
PRODUCT,P-992596,Banh quy Clear khong duong,5,0,486000,5000
PRODUCT,P-817923,Kem danh rang Nescafe goi 85g,1,0,39000,2000

INVOICE,BILL-659671,1790328366,1.246e+06,Completed
PRODUCT,P-194782,Nuoc suoi Lay's loc 4 hop,2,0,459000,1000
PRODUCT,P-546173,Nuoc suoi Comfort goi 85g,3,0,110000,0

INVOICE,BILL-231245,1790379399,3.285e+06,Completed
PRODUCT,P-419491,Khan giay Red Bull loc 4 hop,1,0,467000,0
PRODUCT,P-827497,Gia vi Kinh Do loc 4 hop,1,0,70000,1000
PRODUCT,P-987599,Dau an Sting can 2L,1,0,202000,0
PRODUCT,P-433451,Nuoc giat Aquafina goi 85g,4,0,44000,5000
PRODUCT,P-766738,Gia vi Simply dam da,3,0,197000,5000
PRODUCT,P-576728,Gia vi Lavie tiet kiem,5,0,363000,0

INVOICE,BILL-284186,1790919937,2.601e+06,Completed
PRODUCT,P-741780,Gia vi Vinamilk chai 500ml,3,0,20000,1000
PRODUCT,P-563339,Nuoc suoi Vinamilk dam da,1,0,410000,2000
PRODUCT,P-105274,Hat nem Barona khong duong,2,0,446000,2000
PRODUCT,P-681868,Gia vi Omachi khong duong,3,0,174000,0
PRODUCT,P-239999,Mi goi Maggi it duong,3,0,242000,0

INVOICE,BILL-836439,1790378948,4.822e+06,Completed
PRODUCT,P-699405,Dau goi Sunlight cao cap,1,0,372000,2000
PRODUCT,P-360330,Sua tuoi Vinamilk tiet kiem,4,0,285000,2000
PRODUCT,P-960109,Nuoc ngot Pepsi can 2L,5,0,295000,1000
PRODUCT,P-221462,Sua tam Sunsilk goi 85g,5,0,371000,1000

INVOICE,BILL-300952,1790449725,4.729e+06,Completed
PRODUCT,P-244892,Kem danh rang Nam Ngu chai 500ml,3,0,295000,0
PRODUCT,P-568349,Nuoc mam Comfort cao cap,3,0,319000,0
PRODUCT,P-682145,Gia vi Coca Cola can 2L,3,0,491000,0
PRODUCT,P-673108,Dau goi Chin-su dam da,2,0,393000,1000
PRODUCT,P-737846,Sua tam Knorr cao cap,2,0,316000,1000

INVOICE,BILL-243659,1790525429,1.32e+06,Completed
PRODUCT,P-221552,Nuoc mam Sunsilk loc 4 hop,1,0,429000,1000
PRODUCT,P-971084,Nuoc suoi Clear khong duong,4,0,224000,1000

INVOICE,BILL-242448,1790711125,5.357e+06,Completed
PRODUCT,P-726667,Nuoc ngot Sunsilk khong duong,1,0,184000,2000
PRODUCT,P-493580,Tuong ot G7 chai 500ml,3,0,93000,2000
PRODUCT,P-465648,Kem danh rang TH True Milk khong duong,4,0,335000,0
PRODUCT,P-587575,Khan giay TH True Milk it duong,4,0,263000,0
PRODUCT,P-657062,Sua tam Closeup dam da,5,0,411000,0
PRODUCT,P-536740,Nuoc lau san Sting chai 1L,5,0,91000,0

INVOICE,BILL-380804,1790703293,1.16e+06,Completed
PRODUCT,P-542666,Banh quy Pepsi chai 1L,5,0,65000,1000
PRODUCT,P-489438,Nuoc lau san Pepsi khong duong,3,0,280000,0

INVOICE,BILL-562750,1790533162,4.162e+06,Completed
PRODUCT,P-891645,Nuoc xa Simply chai 500ml,3,0,362000,0
PRODUCT,P-136415,Dau goi Lifebuoy dam da,2,0,377000,0
PRODUCT,P-533911,Nuoc ngot OMO it duong,1,0,488000,0
PRODUCT,P-367271,Dau goi Nam Ngu khong duong,4,0,432000,1000
PRODUCT,P-307428,Sua tuoi Chin-su khong duong,5,0,23000,1000

INVOICE,BILL-475831,1790462672,80000,Completed
PRODUCT,P-567576,Mi goi OMO tiet kiem,2,0,40000,0

INVOICE,BILL-419515,1790910176,1.142e+06,Completed
PRODUCT,P-422623,Nuoc xa TH True Milk khong duong,2,0,198000,1000
PRODUCT,P-498249,Nuoc mam Oishi chai 1L,1,0,368000,0
PRODUCT,P-153190,Gia vi Omachi huong vi tu nhien,2,0,166000,1000
PRODUCT,P-329344,Nuoc lau san G7 goi 85g,1,0,50000,0

INVOICE,BILL-213225,1790561919,4.638e+06,Completed
PRODUCT,P-413791,Nuoc giat Lifebuoy tiet kiem,4,0,324000,1000
PRODUCT,P-532699,Nuoc giat Chin-su dam da,1,0,439000,5000
PRODUCT,P-486490,Snack Kinh Do hop 200g,1,0,81000,5000
PRODUCT,P-803024,Nuoc suoi Kinh Do hop 200g,4,0,358000,0
PRODUCT,P-214532,Nuoc ngot Kinh Do chai 500ml,3,0,469000,1000

INVOICE,BILL-574403,1790168501,2.775e+06,Completed
PRODUCT,P-588002,Banh quy Comfort tiet kiem,3,0,64000,0
PRODUCT,P-680290,Nuoc giat Closeup loc 4 hop,2,0,319000,2000
PRODUCT,P-624783,Nuoc mam Tuong An dam da,2,0,349000,1000
PRODUCT,P-642081,Banh quy Lay's chai 500ml,5,0,132000,0
PRODUCT,P-966028,Khan giay Pepsi truyen thong,1,0,145000,0
PRODUCT,P-804737,Nuoc giat Colgate chai 500ml,1,0,453000,5000

INVOICE,BILL-734249,1790340092,2.293e+06,Completed
PRODUCT,P-796772,Hat nem Lifebuoy khong duong,2,0,416000,2000
PRODUCT,P-496905,Dau goi Lavie it duong,5,0,84000,2000
PRODUCT,P-338703,Ca phe Red Bull chai 500ml,1,0,183000,0
PRODUCT,P-729371,Nuoc xa Pepsi can 2L,4,0,219000,1000

INVOICE,BILL-959304,1790478823,1.341e+06,Completed
PRODUCT,P-626491,Tuong ot Nam Ngu can 2L,2,0,325000,0
PRODUCT,P-363626,Nuoc suoi Nam Ngu khong duong,3,0,127000,2000
PRODUCT,P-900190,Kem danh rang Tuong An hop 200g,4,0,79000,0

INVOICE,BILL-122750,1790410146,4.232e+06,Completed
PRODUCT,P-404955,Snack Vinamilk cao cap,5,0,187000,0
PRODUCT,P-130094,Nuoc tuong Sunsilk huong vi tu nhien,1,0,403000,1000
PRODUCT,P-786789,Hat nem Sunsilk huong vi tu nhien,5,0,455000,5000
PRODUCT,P-875501,Nuoc giat Aquafina chai 1L,5,0,129000,0

INVOICE,BILL-613283,1790313271,2.417e+06,Completed
PRODUCT,P-337288,Tuong ot Knorr khong duong,1,0,259000,0
PRODUCT,P-384685,Mi goi Oishi loc 4 hop,2,0,357000,0
PRODUCT,P-308781,Mi goi Lifebuoy loc 4 hop,1,0,15000,2000
PRODUCT,P-780956,Nuoc xa Sting loc 4 hop,5,0,189000,0
PRODUCT,P-934638,Sua tuoi Nam Ngu can 2L,2,0,244000,1000

INVOICE,BILL-425956,1790367038,752000,Completed
PRODUCT,P-141797,Sua tuoi Tuong An tiet kiem,5,1,56000,0
PRODUCT,P-804737,Nuoc giat Colgate chai 500ml,1,0,453000,0
PRODUCT,P-195643,Dau goi TH True Milk it duong,1,0,21000,2000

INVOICE,BILL-200080,1790891091,1.86e+06,Completed
PRODUCT,P-961957,Sua tuoi Sunsilk chai 1L,2,0,451000,0
PRODUCT,P-662636,Snack TH True Milk cao cap,2,0,480000,1000

INVOICE,BILL-125284,1790707851,2.666e+06,Completed
PRODUCT,P-610311,Dau an Tuong An chai 500ml,2,0,104000,2000
PRODUCT,P-362801,Mi goi TH True Milk tiet kiem,2,1,315000,0
PRODUCT,P-509018,Kem danh rang Oishi cao cap,2,0,366000,0
PRODUCT,P-931928,Hat nem Sunsilk cao cap,5,0,225000,5000

INVOICE,BILL-202030,1790818612,2.933e+06,Completed
PRODUCT,P-760830,Nuoc lau san Lifebuoy cao cap,3,0,237000,5000
PRODUCT,P-986209,Sua tuoi Lay's chai 1L,4,0,160000,2000
PRODUCT,P-889882,Nuoc mam Lifebuoy truyen thong,1,0,425000,0
PRODUCT,P-181724,Sua tam Comfort loc 4 hop,5,0,111000,5000
PRODUCT,P-658131,Khan giay Simply hop 200g,5,1,135000,5000

INVOICE,BILL-619606,1790416252,3.227e+06,Completed
PRODUCT,P-355709,Nuoc giat Vinamilk truyen thong,2,0,108000,2000
PRODUCT,P-130610,Dau an Red Bull chai 1L,3,0,14000,0
PRODUCT,P-179392,Dau goi Sunsilk chai 500ml,2,0,264000,0
PRODUCT,P-621533,Nuoc xa Sunsilk dam da,4,0,246000,2000
PRODUCT,P-155004,Dau goi TH True Milk chai 1L,4,0,235000,5000
PRODUCT,P-885386,Nuoc lau san Simply chai 1L,3,0,188000,5000

INVOICE,BILL-249932,1790395840,1.352e+06,Completed
PRODUCT,P-330019,Nuoc giat Barona hop 200g,1,0,301000,5000
PRODUCT,P-262656,Nuoc ngot Red Bull huong vi tu nhien,3,0,357000,5000

INVOICE,BILL-770881,1790580102,4.374e+06,Completed
PRODUCT,P-335729,Snack Nam Ngu tiet kiem,5,0,296000,0
PRODUCT,P-587115,Dau goi Maggi can 2L,1,0,470000,0
PRODUCT,P-977740,Kem danh rang Coca Cola chai 1L,4,0,455000,0
PRODUCT,P-307757,Banh quy Aquafina hop 200g,2,0,302000,0

INVOICE,BILL-388926,1790277943,2.451e+06,Completed
PRODUCT,P-637544,Sua tam Kinh Do chai 500ml,3,0,492000,0
PRODUCT,P-154944,Nuoc tuong Lay's tiet kiem,4,0,9000,0
PRODUCT,P-771440,Mi goi Tuong An goi 85g,3,0,246000,1000
PRODUCT,P-859782,Banh quy Colgate huong vi tu nhien,2,0,104000,2000

INVOICE,BILL-563211,1790952566,2.28e+06,Completed
PRODUCT,P-599380,Snack Closeup can 2L,5,0,72000,0
PRODUCT,P-191014,Nuoc mam Lavie tiet kiem,2,0,451000,1000
PRODUCT,P-200219,Nuoc xa Nescafe goi 85g,4,0,255000,0

INVOICE,BILL-951202,1790876085,3.13e+06,Completed
PRODUCT,P-514521,Nuoc mam Sting tiet kiem,5,0,500000,0
PRODUCT,P-576467,Nuoc mam Lifebuoy it duong,3,0,210000,0

INVOICE,BILL-483070,1790521152,780000,Completed
PRODUCT,P-288066,Nuoc xa Nam Ngu dam da,2,0,390000,0

INVOICE,BILL-651582,1790342755,4.304e+06,Completed
PRODUCT,P-258971,Sua tuoi Pepsi chai 1L,1,0,29000,1000
PRODUCT,P-760351,Nuoc xa Vinamilk dam da,3,0,500000,1000
PRODUCT,P-580921,Nuoc ngot Sunsilk tiet kiem,3,0,187000,0
PRODUCT,P-830132,Sua tuoi G7 can 2L,4,0,473000,1000
PRODUCT,P-416768,Nuoc ngot OMO truyen thong,5,0,67000,1000

INVOICE,BILL-833872,1790631110,862000,Completed
PRODUCT,P-700538,Banh quy Lavie goi 85g,2,0,431000,0

INVOICE,BILL-564952,1790546228,1.395e+06,Completed
PRODUCT,P-586208,Snack Sting truyen thong,2,0,328000,5000
PRODUCT,P-857997,Dau an Lavie chai 500ml,2,0,342000,5000
PRODUCT,P-380746,Dau an Simply can 2L,5,0,15000,0

INVOICE,BILL-202852,1790918957,3.144e+06,Completed
PRODUCT,P-842470,Ca phe Clear dam da,1,0,174000,0
PRODUCT,P-733941,Nuoc ngot Colgate chai 500ml,2,0,448000,1000
PRODUCT,P-843788,Mi goi Lavie cao cap,2,0,438000,2000
PRODUCT,P-144894,Nuoc tuong Tuong An khong duong,4,0,301000,0

INVOICE,BILL-188324,1790472214,5.255e+06,Completed
PRODUCT,P-656251,Nuoc ngot Closeup truyen thong,3,0,454000,1000
PRODUCT,P-405509,Ca phe Hao Hao truyen thong,1,0,165000,2000
PRODUCT,P-823378,Snack Nescafe khong duong,5,0,208000,0
PRODUCT,P-660081,Gia vi Sunlight goi 85g,2,0,271000,2000
PRODUCT,P-884475,Nuoc giat G7 it duong,5,0,217000,1000
PRODUCT,P-774558,Mi goi Kinh Do goi 85g,5,0,217000,2000

INVOICE,BILL-286209,1790869000,4.392e+06,Completed
PRODUCT,P-195620,Sua tuoi Tuong An huong vi tu nhien,5,0,96000,2000
PRODUCT,P-661091,Nuoc mam Lavie tiet kiem,5,0,327000,2000
PRODUCT,P-267082,Tuong ot Closeup tiet kiem,3,0,449000,1000
PRODUCT,P-212512,Mi goi Barona chai 500ml,2,0,337000,0
PRODUCT,P-121053,Hat nem Lay's cao cap,1,0,279000,0

INVOICE,BILL-292114,1790747425,5.995e+06,Completed
PRODUCT,P-626214,Mi goi Kinh Do chai 1L,1,0,279000,0
PRODUCT,P-820767,Nuoc giat Red Bull chai 500ml,2,0,145000,0
PRODUCT,P-745474,Gia vi Tuong An chai 1L,4,0,273000,2000
PRODUCT,P-157738,Sua tuoi Kinh Do dam da,4,0,231000,0
PRODUCT,P-452944,Nuoc mam Hao Hao dam da,5,0,448000,2000
PRODUCT,P-297509,Mi goi Hao Hao goi 85g,4,1,302000,5000

INVOICE,BILL-558233,1790615804,1.88e+06,Completed
PRODUCT,P-952679,Nuoc ngot Barona dam da,5,0,219000,0
PRODUCT,P-997734,Dau goi Chin-su loc 4 hop,1,0,232000,0
PRODUCT,P-365618,Dau an Aquafina cao cap,1,0,474000,1000
PRODUCT,P-507523,Nuoc xa OMO hop 200g,2,0,40000,0

INVOICE,BILL-313252,1790222442,2.891e+06,Completed
PRODUCT,P-606222,Ca phe Chin-su chai 500ml,3,0,357000,0
PRODUCT,P-992647,Mi goi Omachi cao cap,5,0,366000,2000

INVOICE,BILL-236796,1790456808,4.552e+06,Completed
PRODUCT,P-854024,Dau an Nescafe huong vi tu nhien,3,0,106000,2000
PRODUCT,P-749208,Snack Colgate loc 4 hop,5,0,353000,0
PRODUCT,P-549660,Nuoc xa Aquafina dam da,5,0,497000,2000

INVOICE,BILL-132752,1790798267,2.868e+06,Completed
PRODUCT,P-822730,Tuong ot Chin-su it duong,5,1,378000,2000
PRODUCT,P-188501,Snack Red Bull loc 4 hop,4,0,247000,0

INVOICE,BILL-936815,1790229310,1.546e+06,Completed
PRODUCT,P-950941,Snack Clear hop 200g,1,0,225000,5000
PRODUCT,P-963333,Nuoc mam Tuong An dam da,3,0,447000,5000

INVOICE,BILL-713651,1790379908,5.312e+06,Completed
PRODUCT,P-245308,Snack Barona cao cap,5,0,313000,2000
PRODUCT,P-112166,Hat nem Sunlight goi 85g,5,0,85000,0
PRODUCT,P-517643,Nuoc xa Nescafe tiet kiem,5,0,50000,2000
PRODUCT,P-865979,Nuoc giat Chin-su can 2L,4,0,138000,2000
PRODUCT,P-263573,Nuoc lau san Clear huong vi tu nhien,2,0,136000,2000
PRODUCT,P-640828,Khan giay Sting chai 500ml,5,0,461000,5000

INVOICE,BILL-111044,1790594565,385000,Completed
PRODUCT,P-340341,Mi goi Lavie khong duong,1,0,390000,5000

INVOICE,BILL-837095,1790878041,4.731e+06,Completed
PRODUCT,P-359409,Sua tam TH True Milk it duong,5,0,461000,5000
PRODUCT,P-485896,Nuoc ngot Tuong An huong vi tu nhien,2,0,333000,2000
PRODUCT,P-432125,Dau an Sting dam da,4,0,334000,2000
PRODUCT,P-929151,Nuoc suoi Vinamilk cao cap,1,0,461000,0

INVOICE,BILL-569389,1790357108,127000,Completed
PRODUCT,P-431067,Dau goi Lifebuoy tiet kiem,1,0,128000,1000

INVOICE,BILL-393349,1790594184,3.947e+06,Completed
PRODUCT,P-976792,Nuoc ngot OMO truyen thong,2,0,424000,5000
PRODUCT,P-682959,Mi goi Closeup tiet kiem,4,0,424000,0
PRODUCT,P-272769,Tuong ot Hao Hao khong duong,2,0,201000,2000
PRODUCT,P-964749,Khan giay Pepsi dam da,1,0,493000,0
PRODUCT,P-871976,Dau an Red Bull truyen thong,3,0,175000,1000

INVOICE,BILL-806265,1790300536,1.068e+06,Completed
PRODUCT,P-347582,Nuoc giat Lavie truyen thong,3,0,356000,0

INVOICE,BILL-953586,1790348980,1.417e+06,Completed
PRODUCT,P-598598,Khan giay Kinh Do khong duong,4,0,301000,0
PRODUCT,P-443254,Banh quy Barona khong duong,1,0,215000,2000

INVOICE,BILL-670888,1790781125,214000,Completed
PRODUCT,P-395459,Tuong ot Oishi chai 1L,2,0,107000,0

INVOICE,BILL-433250,1790441697,5.356e+06,Completed
PRODUCT,P-828361,Hat nem Colgate loc 4 hop,3,0,405000,2000
PRODUCT,P-365018,Nuoc mam Tuong An chai 500ml,5,0,394000,0
PRODUCT,P-571404,Gia vi OMO chai 500ml,4,0,104000,1000
PRODUCT,P-831770,Hat nem OMO truyen thong,3,0,16000,1000
PRODUCT,P-865470,Nuoc ngot Sting chai 1L,4,0,386000,0
PRODUCT,P-424500,Kem danh rang Oishi cao cap,2,0,93000,5000

INVOICE,BILL-380832,1790985277,982000,Completed
PRODUCT,P-542828,Khan giay Colgate chai 500ml,2,0,491000,0

INVOICE,BILL-169285,1790963751,1.556e+06,Completed
PRODUCT,P-904858,Nuoc lau san Nescafe can 2L,5,0,149000,0
PRODUCT,P-570880,Ca phe Comfort it duong,2,0,230000,2000
PRODUCT,P-414777,Nuoc lau san Oishi truyen thong,1,0,355000,0

INVOICE,BILL-906289,1790294508,5.736e+06,Completed
PRODUCT,P-466566,Gia vi Nam Ngu cao cap,5,0,382000,0
PRODUCT,P-868170,Nuoc lau san Simply chai 1L,4,0,5000,0
PRODUCT,P-199807,Snack Sting cao cap,1,0,464000,5000
PRODUCT,P-776856,Tuong ot Closeup truyen thong,3,0,483000,2000
PRODUCT,P-540656,Sua tam G7 loc 4 hop,4,0,476000,0

INVOICE,BILL-104462,1790472473,6.175e+06,Completed
PRODUCT,P-523037,Tuong ot Coca Cola hop 200g,4,0,442000,1000
PRODUCT,P-654816,Dau goi Maggi it duong,5,0,415000,0
PRODUCT,P-681687,Nuoc tuong Lifebuoy goi 85g,1,0,285000,0
PRODUCT,P-926471,Tuong ot Coca Cola tiet kiem,1,0,274000,0
PRODUCT,P-988662,Nuoc xa Closeup huong vi tu nhien,3,0,449000,2000
PRODUCT,P-498724,Tuong ot Pepsi can 2L,1,0,437000,1000

INVOICE,BILL-100725,1790959126,1.734e+06,Completed
PRODUCT,P-880762,Nuoc xa Clear khong duong,1,0,386000,0
PRODUCT,P-419644,Sua tuoi Omachi cao cap,4,0,338000,1000

INVOICE,BILL-379645,1790397789,6.342e+06,Completed
PRODUCT,P-494976,Sua tam OMO truyen thong,5,1,407000,0
PRODUCT,P-747033,Nuoc tuong Lay's cao cap,3,1,437000,0
PRODUCT,P-777370,Nuoc giat Lavie tiet kiem,4,0,448000,5000
PRODUCT,P-327114,Nuoc tuong Red Bull dam da,4,0,306000,0

INVOICE,BILL-102041,1790638345,1.906e+06,Completed
PRODUCT,P-677210,Khan giay Barona chai 1L,1,0,159000,5000
PRODUCT,P-145649,Khan giay Sunsilk goi 85g,4,0,380000,0
PRODUCT,P-571029,Kem danh rang Coca Cola goi 85g,4,0,58000,0

INVOICE,BILL-256023,1790939605,6.032e+06,Completed
PRODUCT,P-663356,Dau an Omachi hop 200g,4,0,62000,0
PRODUCT,P-832168,Nuoc lau san Nescafe khong duong,4,0,288000,2000
PRODUCT,P-352356,Snack Tuong An cao cap,5,0,290000,0
PRODUCT,P-456005,Nuoc giat Lavie chai 1L,5,1,190000,2000
PRODUCT,P-738551,Nuoc mam Colgate huong vi tu nhien,5,0,450000,0

INVOICE,BILL-981424,1790259532,6.109e+06,Completed
PRODUCT,P-281926,Sua tam Sunsilk hop 200g,4,0,430000,1000
PRODUCT,P-783740,Dau goi Pepsi huong vi tu nhien,3,0,366000,1000
PRODUCT,P-913308,Nuoc mam Lifebuoy hop 200g,2,1,31000,1000
PRODUCT,P-748276,Nuoc tuong Lay's chai 500ml,5,0,457000,5000
PRODUCT,P-498138,Dau an Pepsi loc 4 hop,2,0,489000,0

INVOICE,BILL-973044,1791008568,4.004e+06,Completed
PRODUCT,P-441183,Kem danh rang Chin-su it duong,4,0,475000,0
PRODUCT,P-241176,Kem danh rang Simply hop 200g,1,0,111000,0
PRODUCT,P-961493,Mi goi Pepsi can 2L,3,0,58000,2000
PRODUCT,P-690462,Tuong ot Lay's chai 500ml,3,0,253000,0
PRODUCT,P-856320,Tuong ot Lifebuoy goi 85g,2,1,464000,5000
PRODUCT,P-885161,Nuoc giat Colgate dam da,4,0,37000,0

INVOICE,BILL-687832,1790857572,2.069e+06,Completed
PRODUCT,P-387892,Nuoc giat Chin-su dam da,1,0,298000,1000
PRODUCT,P-174301,Nuoc lau san Hao Hao goi 85g,1,0,399000,1000
PRODUCT,P-156440,Nuoc xa OMO chai 500ml,1,0,398000,0
PRODUCT,P-492483,Nuoc tuong Aquafina truyen thong,2,1,91000,1000
PRODUCT,P-306647,Tuong ot Nescafe khong duong,4,0,179000,1000
PRODUCT,P-466346,Sua tam Nescafe can 2L,2,0,44000,2000

INVOICE,BILL-494292,1791012806,539000,Completed
PRODUCT,P-587957,Ca phe Closeup can 2L,2,0,253000,0
PRODUCT,P-268772,Hat nem Oishi cao cap,3,0,16000,5000

INVOICE,BILL-884758,1790981134,2.325e+06,Completed
PRODUCT,P-663483,Nuoc suoi Coca Cola loc 4 hop,5,0,465000,0

INVOICE,BILL-289620,1790486069,1.514e+06,Completed
PRODUCT,P-100909,Sua tam Coca Cola chai 1L,4,0,147000,0
PRODUCT,P-296059,Nuoc ngot Closeup chai 1L,1,0,483000,5000
PRODUCT,P-479052,Nuoc ngot Pepsi dam da,2,0,229000,5000

INVOICE,BILL-394621,1790280312,2.726e+06,Completed
PRODUCT,P-979827,Khan giay Simply it duong,1,0,144000,2000
PRODUCT,P-741079,Snack Comfort can 2L,1,0,157000,0
PRODUCT,P-380901,Banh quy Aquafina loc 4 hop,5,0,309000,0
PRODUCT,P-256574,Nuoc xa Pepsi chai 500ml,1,0,262000,0
PRODUCT,P-696707,Nuoc ngot G7 dam da,5,0,124000,0

INVOICE,BILL-880206,1790833941,2.766e+06,Completed
PRODUCT,P-350905,Nuoc xa Lay's can 2L,3,0,447000,0
PRODUCT,P-690525,Sua tuoi Nescafe can 2L,3,0,19000,1000
PRODUCT,P-614259,Nuoc giat Lay's tiet kiem,1,0,371000,1000
PRODUCT,P-248533,Khan giay Barona loc 4 hop,1,0,405000,0
PRODUCT,P-789606,Gia vi Aquafina tiet kiem,2,0,303000,5000

INVOICE,BILL-713726,1790865411,3.28e+06,Completed
PRODUCT,P-694587,Sua tuoi Vinamilk cao cap,3,0,439000,2000
PRODUCT,P-677599,Kem danh rang Kinh Do it duong,1,0,29000,5000
PRODUCT,P-969226,Gia vi Lavie hop 200g,1,0,246000,0
PRODUCT,P-606390,Ca phe G7 chai 1L,5,0,173000,0
PRODUCT,P-315379,Nuoc ngot Red Bull chai 1L,2,0,419000,2000

INVOICE,BILL-830558,1790571972,4.9e+06,Completed
PRODUCT,P-973294,Tuong ot Lay's can 2L,5,0,48000,0
PRODUCT,P-309612,Banh quy Sunlight can 2L,5,0,434000,2000
PRODUCT,P-260263,Nuoc lau san Aquafina khong duong,2,0,456000,1000
PRODUCT,P-465973,Nuoc ngot OMO hop 200g,5,0,319000,1000

INVOICE,BILL-274581,1790734394,2.07e+06,Completed
PRODUCT,P-404309,Banh quy Hao Hao goi 85g,4,0,237000,5000
PRODUCT,P-393308,Ca phe Lay's dam da,1,0,498000,0
PRODUCT,P-690996,Nuoc giat Coca Cola huong vi tu nhien,4,0,53000,5000
PRODUCT,P-207282,Mi goi Colgate goi 85g,4,0,113000,0

INVOICE,BILL-715044,1790466886,6.07e+06,Completed
PRODUCT,P-144109,Nuoc tuong Colgate loc 4 hop,5,0,417000,1000
PRODUCT,P-274987,Nuoc ngot TH True Milk dam da,2,0,498000,0
PRODUCT,P-342389,Tuong ot Sting chai 1L,2,0,91000,0
PRODUCT,P-812413,Dau an Barona truyen thong,4,1,232000,1000
PRODUCT,P-370211,Banh quy Comfort chai 500ml,2,0,301000,5000
PRODUCT,P-665497,Nuoc suoi Tuong An hop 200g,4,1,324000,0

INVOICE,BILL-726531,1790707403,3.228e+06,Completed
PRODUCT,P-452207,Nuoc mam Tuong An dam da,3,0,353000,0
PRODUCT,P-933510,Nuoc mam OMO truyen thong,2,0,423000,0
PRODUCT,P-783823,Nuoc ngot OMO loc 4 hop,2,0,468000,0
PRODUCT,P-817552,Nuoc xa Chin-su truyen thong,1,0,387000,0

INVOICE,BILL-911048,1790259747,5.845e+06,Completed
PRODUCT,P-207629,Sua tam Nescafe chai 1L,3,0,422000,5000
PRODUCT,P-670792,Sua tam Hao Hao hop 200g,2,0,405000,5000
PRODUCT,P-381433,Sua tuoi Lavie hop 200g,3,0,454000,0
PRODUCT,P-688866,Snack Vinamilk tiet kiem,4,0,380000,0
PRODUCT,P-116389,Mi goi Lavie chai 500ml,3,0,305000,1000

INVOICE,BILL-827233,1790352273,5.764e+06,Completed
PRODUCT,P-808640,Sua tuoi Barona truyen thong,3,0,450000,0
PRODUCT,P-977345,Snack Omachi hop 200g,1,0,85000,0
PRODUCT,P-962057,Dau an Nam Ngu dam da,4,0,40000,0
PRODUCT,P-256911,Nuoc xa Tuong An huong vi tu nhien,5,0,463000,2000
PRODUCT,P-938817,Gia vi Sunlight cao cap,3,0,184000,0
PRODUCT,P-455193,Nuoc suoi Maggi loc 4 hop,4,0,330000,2000

INVOICE,BILL-557868,1790981091,2e+06,Completed
PRODUCT,P-401338,Tuong ot Clear can 2L,4,0,500000,0

INVOICE,BILL-837221,1790708376,4.324e+06,Completed
PRODUCT,P-567951,Hat nem Lifebuoy dam da,3,0,371000,0
PRODUCT,P-513296,Nuoc giat Oishi truyen thong,2,0,441000,1000
PRODUCT,P-635482,Banh quy Nescafe huong vi tu nhien,3,0,274000,2000
PRODUCT,P-145421,Dau an Sting tiet kiem,5,0,303000,0

INVOICE,BILL-730498,1790971915,2.556e+06,Completed
PRODUCT,P-847251,Kem danh rang Knorr chai 500ml,1,0,487000,5000
PRODUCT,P-479625,Hat nem TH True Milk can 2L,5,0,268000,2000
PRODUCT,P-683286,Kem danh rang G7 can 2L,3,0,234000,2000
PRODUCT,P-732789,Ca phe Knorr chai 1L,4,0,13000,1000

INVOICE,BILL-414327,1790630637,2.482e+06,Completed
PRODUCT,P-293319,Nuoc suoi Sunlight it duong,3,0,123000,0
PRODUCT,P-139286,Gia vi Pepsi can 2L,4,0,159000,2000
PRODUCT,P-802667,Banh quy Barona cao cap,3,0,495000,0

INVOICE,BILL-724936,1790418531,680000,Completed
PRODUCT,P-399803,Sua tam Chin-su truyen thong,5,0,141000,5000

INVOICE,BILL-556714,1790813054,3.942e+06,Completed
PRODUCT,P-355528,Snack Kinh Do truyen thong,5,0,324000,0

INVOICE,BILL-225738,1790216010,1.083e+06,Completed
PRODUCT,P-559259,Sua tuoi Coca Cola hop 200g,3,0,179000,0
PRODUCT,P-656837,Nuoc xa TH True Milk loc 4 hop,2,0,218000,0
PRODUCT,P-526156,Sua tuoi Vinamilk khong duong,1,0,110000,0

INVOICE,BILL-412145,1790662299,260000,Completed
PRODUCT,P-292811,Gia vi Sting can 2L,2,0,130000,0

INVOICE,BILL-617468,1790881677,1.548e+06,Completed
PRODUCT,P-629208,Tuong ot Nescafe goi 85g,5,0,54000,0
PRODUCT,P-191962,Sua tuoi Simply chai 1L,3,0,426000,0

INVOICE,BILL-648401,1790900137,4.097e+06,Completed
PRODUCT,P-898169,Nuoc lau san Pepsi can 2L,3,0,33000,5000
PRODUCT,P-239164,Sua tuoi Omachi truyen thong,4,0,450000,2000
PRODUCT,P-202827,Tuong ot Oishi chai 500ml,3,0,495000,2000
PRODUCT,P-825990,Nuoc suoi Barona chai 500ml,5,0,93000,1000
PRODUCT,P-351516,Banh quy Lay's khong duong,3,0,94000,0

INVOICE,BILL-737457,1790708166,4.873e+06,Completed
PRODUCT,P-773440,Sua tuoi Knorr loc 4 hop,1,0,260000,2000
PRODUCT,P-960109,Nuoc ngot Pepsi can 2L,4,0,295000,1000
PRODUCT,P-824156,Kem danh rang TH True Milk can 2L,3,0,319000,1000
PRODUCT,P-619389,Nuoc giat Pepsi goi 85g,5,0,255000,0
PRODUCT,P-716126,Nuoc suoi Omachi loc 4 hop,5,0,247000,5000

INVOICE,BILL-162178,1790812904,3e+06,Completed
PRODUCT,P-299055,Gia vi Maggi tiet kiem,5,0,126000,5000
PRODUCT,P-913864,Mi goi Sting loc 4 hop,5,0,123000,0
PRODUCT,P-174301,Nuoc lau san Hao Hao goi 85g,1,0,399000,5000
PRODUCT,P-802559,Hat nem Vinamilk tiet kiem,3,0,462000,0

INVOICE,BILL-124516,1790852726,5.342e+06,Completed
PRODUCT,P-778998,Nuoc xa Maggi loc 4 hop,4,0,289000,2000
PRODUCT,P-435476,Nuoc ngot Sunlight it duong,4,0,469000,0
PRODUCT,P-544815,Nuoc ngot Lavie cao cap,3,0,273000,2000
PRODUCT,P-138817,Gia vi Maggi tiet kiem,1,0,468000,1000
PRODUCT,P-872246,Nuoc suoi Maggi huong vi tu nhien,2,0,85000,0
PRODUCT,P-971482,Kem danh rang Sunlight cao cap,4,0,218000,1000

INVOICE,BILL-624585,1791012613,808000,Completed
PRODUCT,P-987599,Dau an Sting can 2L,4,0,202000,0

INVOICE,BILL-257492,1790254722,3.481e+06,Completed
PRODUCT,P-721748,Mi goi Aquafina truyen thong,4,0,154000,5000
PRODUCT,P-381444,Gia vi Vinamilk it duong,5,1,134000,1000
PRODUCT,P-589554,Gia vi Lifebuoy chai 500ml,5,0,445000,1000

INVOICE,BILL-448900,1790442351,2.906e+06,Completed
PRODUCT,P-813813,Ca phe Maggi can 2L,1,0,312000,0
PRODUCT,P-615318,Sua tuoi Lay's cao cap,2,0,187000,0
PRODUCT,P-639403,Ca phe Nam Ngu chai 1L,4,0,98000,2000
PRODUCT,P-924451,Dau goi Lavie goi 85g,5,0,300000,2000
PRODUCT,P-960899,Tuong ot Tuong An chai 1L,1,0,49000,1000
PRODUCT,P-145421,Dau an Sting tiet kiem,1,0,303000,5000

INVOICE,BILL-292443,1790716939,3.066e+06,Completed
PRODUCT,P-630535,Nuoc tuong Oishi can 2L,5,0,452000,0
PRODUCT,P-583367,Nuoc ngot G7 loc 4 hop,2,0,213000,1000
PRODUCT,P-859364,Mi goi Maggi can 2L,3,0,13000,0
PRODUCT,P-274912,Nuoc suoi Clear chai 500ml,1,0,344000,1000

INVOICE,BILL-636234,1790357022,2.917e+06,Completed
PRODUCT,P-829716,Nuoc xa Clear dam da,4,0,119000,5000
PRODUCT,P-648530,Gia vi Aquafina huong vi tu nhien,2,0,246000,1000
PRODUCT,P-221620,Gia vi Lay's cao cap,1,0,391000,0
PRODUCT,P-388078,Sua tam Simply cao cap,4,0,397000,2000

INVOICE,BILL-634102,1790494020,2.807e+06,Completed
PRODUCT,P-254739,Nuoc giat Omachi loc 4 hop,3,0,75000,2000
PRODUCT,P-871153,Tuong ot Sting it duong,1,0,183000,0
PRODUCT,P-236937,Banh quy Barona it duong,1,0,53000,2000
PRODUCT,P-877991,Snack Comfort goi 85g,3,1,417000,1000
PRODUCT,P-220768,Nuoc giat Knorr tiet kiem,3,0,368000,0
PRODUCT,P-329927,Nuoc tuong Sunsilk it duong,1,0,4000,2000

INVOICE,BILL-300547,1790520592,510000,Completed
PRODUCT,P-453796,Nuoc mam Nam Ngu huong vi tu nhien,1,0,214000,0
PRODUCT,P-655132,Nuoc lau san Colgate chai 1L,4,0,74000,0

INVOICE,BILL-144443,1790482048,2.877e+06,Completed
PRODUCT,P-926965,Sua tuoi Sunlight chai 1L,2,0,386000,0
PRODUCT,P-699166,Dau goi Aquafina truyen thong,5,0,421000,0

INVOICE,BILL-224825,1790354297,1.2e+06,Completed
PRODUCT,P-865433,Ca phe Lavie huong vi tu nhien,5,0,240000,0

INVOICE,BILL-790964,1790638769,2.2e+06,Completed
PRODUCT,P-435109,Nuoc suoi Chin-su tiet kiem,3,0,425000,5000
PRODUCT,P-119676,Nuoc tuong Pepsi chai 500ml,2,0,282000,0
PRODUCT,P-644932,Dau an Kinh Do chai 1L,2,0,188000,0

INVOICE,BILL-836558,1790631813,4.412e+06,Completed
PRODUCT,P-247720,Khan giay Sting cao cap,4,0,353000,0
PRODUCT,P-461939,Hat nem Hao Hao goi 85g,4,0,262000,1000
PRODUCT,P-459316,Tuong ot Comfort can 2L,4,0,494000,5000

INVOICE,BILL-792912,1790417683,3.165e+06,Completed
PRODUCT,P-716126,Nuoc suoi Omachi loc 4 hop,3,0,247000,0
PRODUCT,P-356702,Mi goi OMO loc 4 hop,4,1,121000,5000
PRODUCT,P-884170,Khan giay Oishi can 2L,5,0,393000,1000

INVOICE,BILL-144739,1790455886,540000,Completed
PRODUCT,P-197627,Nuoc tuong OMO loc 4 hop,5,0,8000,0
PRODUCT,P-534572,Nuoc xa Sting hop 200g,1,0,98000,0
PRODUCT,P-461264,Kem danh rang Comfort dam da,1,0,339000,0
PRODUCT,P-425138,Banh quy Simply khong duong,3,0,21000,0

INVOICE,BILL-268752,1790306484,1.461e+06,Completed
PRODUCT,P-920652,Hat nem Lay's truyen thong,3,1,489000,2000

INVOICE,BILL-788904,1790245880,3.628e+06,Completed
PRODUCT,P-932204,Snack Lay's hop 200g,1,0,37000,1000
PRODUCT,P-413118,Dau goi Chin-su huong vi tu nhien,4,0,243000,0
PRODUCT,P-489438,Nuoc lau san Pepsi khong duong,2,0,280000,0
PRODUCT,P-799143,Dau an Comfort cao cap,5,0,412000,0

INVOICE,BILL-594209,1790787673,3.525e+06,Completed
PRODUCT,P-462831,Nuoc tuong OMO chai 1L,3,0,411000,2000
PRODUCT,P-792818,Dau goi Hao Hao loc 4 hop,5,1,455000,0
PRODUCT,P-121215,Nuoc suoi Sunsilk chai 1L,1,0,28000,5000

INVOICE,BILL-226724,1790861484,100000,Completed
PRODUCT,P-413369,Tuong ot Red Bull truyen thong,4,0,26000,1000

INVOICE,BILL-527507,1790929791,1.365e+06,Completed
PRODUCT,P-644559,Snack Tuong An cao cap,4,0,11000,0
PRODUCT,P-557409,Kem danh rang Aquafina khong duong,3,1,402000,0
PRODUCT,P-867333,Gia vi Coca Cola truyen thong,5,1,24000,1000

INVOICE,BILL-136886,1790414231,3.352e+06,Completed
PRODUCT,P-322086,Nuoc ngot Oishi tiet kiem,3,0,334000,0
PRODUCT,P-383201,Gia vi TH True Milk goi 85g,5,0,423000,1000
PRODUCT,P-739008,Dau goi Comfort loc 4 hop,4,0,60000,0

INVOICE,BILL-380879,1790844163,401000,Completed
PRODUCT,P-182034,Nuoc suoi Maggi loc 4 hop,1,0,401000,0

INVOICE,BILL-240389,1790537955,257000,Completed
PRODUCT,P-980521,Nuoc suoi Colgate hop 200g,1,0,257000,0

INVOICE,BILL-827025,1790709099,5.967e+06,Completed
PRODUCT,P-645209,Dau goi Tuong An dam da,1,0,120000,0
PRODUCT,P-752966,Nuoc suoi Nam Ngu tiet kiem,3,0,308000,0
PRODUCT,P-649526,Kem danh rang Closeup goi 85g,5,0,401000,2000
PRODUCT,P-966286,Nuoc xa Comfort dam da,1,0,499000,0
PRODUCT,P-243260,Nuoc mam Red Bull goi 85g,4,0,151000,0
PRODUCT,P-744674,Dau goi Sunlight can 2L,5,0,366000,1000

INVOICE,BILL-871171,1790876843,77000,Completed
PRODUCT,P-292401,Snack Tuong An it duong,1,0,65000,0
PRODUCT,P-706005,Sua tam Lavie khong duong,4,0,5000,2000

INVOICE,BILL-955059,1790895782,1.468e+06,Completed
PRODUCT,P-613898,Hat nem Pepsi chai 500ml,2,0,497000,2000
PRODUCT,P-916118,Nuoc ngot Simply loc 4 hop,1,0,478000,0

INVOICE,BILL-245446,1790366589,7.773e+06,Completed
PRODUCT,P-238394,Tuong ot Sting cao cap,5,0,377000,0
PRODUCT,P-477712,Dau goi Lavie khong duong,2,0,95000,0
PRODUCT,P-408528,Nuoc ngot Nescafe tiet kiem,5,0,494000,0
PRODUCT,P-499534,Mi goi Comfort chai 1L,4,0,497000,2000
PRODUCT,P-645561,Gia vi Comfort hop 200g,3,0,349000,0
PRODUCT,P-153266,Gia vi Chin-su tiet kiem,3,0,68000,1000

INVOICE,BILL-626605,1790205021,3.721e+06,Completed
PRODUCT,P-564971,Nuoc mam Knorr loc 4 hop,4,0,274000,0
PRODUCT,P-579318,Nuoc ngot Simply it duong,1,0,130000,1000
PRODUCT,P-793939,Snack Lifebuoy cao cap,1,0,351000,0
PRODUCT,P-529008,Nuoc tuong Sting tiet kiem,5,0,429000,0

INVOICE,BILL-173681,1790848440,3.994e+06,Completed
PRODUCT,P-776856,Tuong ot Closeup truyen thong,5,0,483000,1000
PRODUCT,P-120480,Nuoc tuong Maggi khong duong,2,0,345000,0
PRODUCT,P-993650,Sua tam G7 khong duong,2,0,452000,5000

INVOICE,BILL-754922,1790527441,2.169e+06,Completed
PRODUCT,P-876764,Banh quy Omachi chai 500ml,5,0,343000,1000
PRODUCT,P-194782,Nuoc suoi Lay's loc 4 hop,1,0,459000,0

